title,category
Les secrets de les probabilit√©s,math
Stairway to Heaven Cover,musique
Elden Ring : premier essai,jeux
Elden Ring : nouvelle map,jeux
Les Vikings : Histoire et myst√®res,documentaires
Wait for it... #shorts,shorts
PRANK : Il croit que je suis...,divertissement
Radiohead - Stairway to Heaven [Official Video],musique
Les les √©quations diff√©rentielles expliqu√©s simplement,math
La m√©canique quantique - Ce que vous ne savez pas,sciences
Comprendre les fonctions en 15 minutes,math
Le probl√®me de un sens √† la vie,philosophie
l'espace - La v√©rit√© r√©v√©l√©e,documentaires
Pourquoi ? #shorts,shorts
Cours de Seconde : la g√©om√©trie analytique,math
JE JOUE √Ä Clash Royale ! üî•,jeux
TOP 35 KILLS dans CS:GO,jeux
la Seconde Guerre mondiale - Documentaire complet,documentaires
Hotel California - Led Zeppelin (Lyrics),musique
√âthique : La justice sociale,philosophie
üî• FOU #shorts,shorts
R√©soudre cet exercice facilement,math
Life hack #shorts,shorts
Blues Mix 2025,musique
Call of Duty : nouvelle map,jeux
Qu'est-ce que le bien ?,philosophie
Les secrets de la vie,documentaires
Astuce de ouf #shorts,shorts
Best of Radiohead,musique
Astronomie - La photosynth√®se,sciences
ON TEST Call of Duty !,jeux
Led Zeppelin - Bohemian Rhapsody (Acoustic),musique
Enqu√™te sur la nature,documentaires
C'est quoi √ßa ? #shorts,shorts
les limites - D√©monstration,math
l'utilitarisme : Les grands principes,philosophie
guitare Tutorial - Sweet Child O' Mine,musique
Comment fonctionne Internet ?,sciences
Jazz Mix 2023,musique
CS:GO SPEEDRUN 100%,jeux
Chimie : Extraire l'ADN,sciences
La m√©canique quantique : Les derni√®res d√©couvertes,sciences
üî• FOU #shorts,shorts
ON TEST League of Legends !,jeux
Me trying to #shorts,shorts
Among Us : avec les abonn√©s,jeux
Les secrets de les fonctions,math
CS:GO - run #83,jeux
Exercice corrig√© : th√©or√®me de Pythagore,math
le rationalisme : Les grands principes,philosophie
FAILS TIKTOK,divertissement
le bien selon Socrate,philosophie
Le monde de l'espace,documentaires
Muse - Stairway to Heaven [Official Video],musique
D√âFI : 24h sans t√©l√©phone,divertissement
Incroyable astuce #shorts,shorts
Metallica - Sweet Child O' Mine,musique
Introduction √† les probabilit√©s,math
Introduction √† les matrices,math
Pourquoi les oiseaux volent ?,sciences
Stairway to Heaven Remix 2024,musique
RAGE QUIT Minecraft,jeux
Tu savais √ßa ? #shorts,shorts
Les id√©es de Sartre,philosophie
Chimie : Extraire l'ADN,sciences
Warzone Casual - avec les abonn√©s,jeux
Les trous noirs - Ce que vous ne savez pas,sciences
Le probl√®me de une r√©alit√© objective,philosophie
Pourquoi l'eau bout ?,sciences
le syst√®me solaire - Documentaire,sciences
OMG ! Regardez √ßa,divertissement
Applications de les nombres complexes,math
Trick #shorts,shorts
La chute du mur de Berlin : Le documentaire,documentaires
Imagine (Jazz),musique
√âthique : La justice sociale,philosophie
üî• FOU #shorts,shorts
D√©bat : une r√©alit√© objective,philosophie
POV #shorts,shorts
POV: C'est lundi matin #shorts,shorts
ON A ACHET√â 100 TRUCS BIZARRES,divertissement
D√©bat : vraiment libres,philosophie
VID√âOS DR√îLES COMPILATION,divertissement
les probabilit√©s : Explication simple,math
Wait for it... #shorts,shorts
MOMENTS G√äNANTS COMPILATION,divertissement
Best of Queen,musique
Comprendre la thermodynamique,sciences
Jazz Playlist Study,musique
Les secrets de les nombres complexes,math
D√©bat : un sens √† la vie,philosophie
Applications de les √©quations diff√©rentielles,math
JE R√âAGIS √Ä des vid√©os TikTok,divertissement
Introduction √† les matrices,math
Pourquoi l'eau bout ?,sciences
RAGE QUIT Valorant,jeux
Chimie : Fabriquer un circuit,sciences
JE TESTE Warzone ! üò±,jeux
Platon expliqu√© simplement,philosophie
Le monde de la nature,documentaires
TOP 77 KILLS dans Apex Legends,jeux
Napol√©on - Biographie,documentaires
Muse - Sweet Child O' Mine (Acoustic),musique
√Ä la d√©couverte de l'Antarctique,documentaires
L'histoire de la Seconde Guerre mondiale,documentaires
Bohemian Rhapsody Remix 2024,musique
Queen - Sweet Child O' Mine (Acoustic),musique
Imagine - Live Performance,musique
l'√©cosyst√®me - Documentaire,sciences
√âpicure expliqu√© simplement,philosophie
POV: C'est lundi matin #shorts,shorts
les int√©grales : Ce que votre prof ne vous dit pas,math
Nietzsche expliqu√© simplement,philosophie
24H Manger √©pic√©,divertissement
Introduction √† les int√©grales,math
Les id√©es de Hegel,philosophie
Stairway to Heaven Cover,musique
League of Legends - OP BUILD OP,jeux
Smells Like Teen Spirit - Radiohead (Lyrics),musique
Metallica - Smells Like Teen Spirit (Acoustic),musique
Dans les coulisses de Tokyo,documentaires
C'EST N'IMPORTE QUOI ü§£,divertissement
Best of Led Zeppelin,musique
Exercice corrig√© : √©quations du second degr√©,math
MDR ! C'est trop dr√¥le,divertissement
basse Tutorial - Stairway to Heaven,musique
batterie Tutorial - Hotel California,musique
Exercice corrig√© : √©quations du second degr√©,math
CS:GO SPEEDRUN Any%,jeux
JE D√âTRUIS TOUT DANS Overwatch ! üò±,jeux
R√©soudre cet exercice facilement,math
Wait for it... #shorts,shorts
√Ä savoir #shorts,shorts
√âthique : Peut-on mentir,philosophie
Comment fonctionne l'univers ?,sciences
Call of Duty Battle Royale - en solo,jeux
Fortnite GAMEPLAY FR #73,jeux
Wait for it... #shorts,shorts
les suites : Ce que votre prof ne vous dit pas,math
Les secrets de la vie,documentaires
VLOG : ROUTINE,divertissement
Rock Relaxation Music,musique
Electro Relaxation Music,musique
TUTO Minecraft : Devenir meilleur,jeux
Among Us : en solo,jeux
Exercice corrig√© : th√©or√®me de Pythagore,math
ON TEST Warzone !,jeux
OMG ! C'est trop dr√¥le,divertissement
Le monde de les oc√©ans,documentaires
Les secrets de les suites,math
Pourquoi les nombres complexes ?,math
Les myst√®res de Les trous noirs,sciences
l'utilitarisme : Les grands principes,philosophie
Sweet Child O' Mine Cover,musique
Astronomie - La relativit√©,sciences
√Ä savoir #shorts,shorts
POV: C'est lundi matin #shorts,shorts
Applications de les d√©riv√©es,math
POV: C'est lundi matin #shorts,shorts
Wonderwall Cover,musique
ON TESTE LA NOURRITURE AM√âRICAINE,divertissement
Voyage √† New York,documentaires
√âthique : Peut-on mentir,philosophie
Chimie : Extraire l'ADN,sciences
Descartes et la libert√©,philosophie
TOP 15 FAILS,divertissement
L'histoire de les pyramides,documentaires
Wait for it... #shorts,shorts
Comprendre les nombres complexes en 15 minutes,math
Voyage √† la for√™t amazonienne,documentaires
Blues Mix 2024,musique
Le probl√®me de un sens √† la vie,philosophie
Hip Hop Mix 2025,musique
FAIL COMPILATION #30,divertissement
Introduction √† les nombres complexes,math
Blues Relaxation Music,musique
Existe-t-il vraiment libres ?,philosophie
Coldplay - Hotel California (Acoustic),musique
√Ä la d√©couverte de Mars,documentaires
Les les d√©riv√©es expliqu√©s simplement,math
Les la g√©om√©trie analytique expliqu√©s simplement,math
Pink Floyd - Stairway to Heaven (Acoustic),musique
Les id√©es de Hegel,philosophie
RAGE QUIT FIFA,jeux
√âthique : Le devoir moral,philosophie
Pink Floyd - Sweet Child O' Mine (Acoustic),musique
Les les limites expliqu√©s simplement,math
TOP 72 PLAYS dans Overwatch,jeux
Applications de la g√©om√©trie analytique,math
basse Tutorial - Bohemian Rhapsody,musique
Comprendre les d√©riv√©es en 15 minutes,math
Le d√©barquement : Le documentaire,documentaires
guitare Tutorial - Bohemian Rhapsody,musique
Best of Queen,musique
Cl√©op√¢tre - Biographie,documentaires
l'√©cosyst√®me - Documentaire,sciences
les int√©grales : Ce que votre prof ne vous dit pas,math
√âthique : La justice sociale,philosophie
League of Legends : nouvelle map,jeux
Pourquoi les oiseaux volent ?,sciences
Einstein - Biographie,documentaires
Voyage √† Tokyo,documentaires
Warzone : avec les abonn√©s,jeux
Imagine - Nirvana (Lyrics),musique
INCROYABLE ! Regardez √ßa,divertissement
Applications de la g√©om√©trie analytique,math
TOP 15 VID√âOS DR√îLES,divertissement
CS:GO : nouvelle saison,jeux
l'existentialisme : Les grands principes,philosophie
Life hack #shorts,shorts
Le probl√®me de un sens √† la vie,philosophie
Me trying to #shorts,shorts
Astronomie - La m√©canique quantique,sciences
les fonctions - D√©monstration,math
TUTO Apex Legends : Gagner facilement,jeux
TUTO Valorant : Devenir meilleur,jeux
Astronomie - Le big bang,sciences
l'utilitarisme : Les grands principes,philosophie
Coldplay - Bohemian Rhapsody,musique
VID√âOS DR√îLES - BEST OF,divertissement
la conscience selon Descartes,philosophie
Les myst√®res de Les ondes gravitationnelles,sciences
Les secrets de l'humanit√©,documentaires
CHOQUANT ! Regardez √ßa,divertissement
les cellules - Documentaire,sciences
FAIL COMPILATION #40,divertissement
Exercice corrig√© : √©quations du second degr√©,math
Les myst√®res de L'ADN,sciences
Clash Royale - C'EST DE LA FOLIE,jeux
Pourquoi l'eau bout ?,sciences
D√âFI : Parler qu'en anglais,divertissement
la Seconde Guerre mondiale - Documentaire complet,documentaires
PRANK : Il croit que je suis...,divertissement
Astuce rapide #shorts,shorts
Best of Pink Floyd,musique
le sto√Øcisme : Les grands principes,philosophie
Pink Floyd - Sweet Child O' Mine,musique
Les √âgyptiens : Histoire et myst√®res,documentaires
l'espace - Documentaire complet,documentaires
Les id√©es de Nietzsche,philosophie
Les id√©es de Socrate,philosophie
Philosophie : L'√©thique,philosophie
les civilisations perdues - La v√©rit√© r√©v√©l√©e,documentaires
Philosophie : L'√©pist√©mologie,philosophie
Stairway to Heaven - Metallica (Lyrics),musique
les limites - D√©monstration,math
CS:GO - run #15,jeux
RAGE QUIT Clash Royale,jeux
Le probl√®me de une r√©alit√© objective,philosophie
Les Vikings : Histoire et myst√®res,documentaires
Qu'est-ce que l'existence ?,philosophie
L'ADN - Ce que vous ne savez pas,sciences
D√âFI : Parler qu'en anglais,divertissement
Valorant : premier essai,jeux
JE D√âTRUIS TOUT DANS Minecraft ! üíÄ,jeux
STORYTIME : Ma pire date,divertissement
Le probl√®me de une r√©alit√© objective,philosophie
Clash Royale SPEEDRUN WR,jeux
Pourquoi le ciel est bleu ?,sciences
JE TESTE Minecraft ! üò±,jeux
Les id√©es de Descartes,philosophie
D√âFI : Manger √©pic√©,divertissement
Biologie : le climat,sciences
PRANK : Cam√©ra cach√©e,divertissement
l'existentialisme : Les grands principes,philosophie
les int√©grales - D√©monstration,math
Chimie : Fabriquer un circuit,sciences
STORYTIME : Comment j'ai rat√© mon exam,divertissement
TUTO Elden Ring : Gagner facilement,jeux
les probabilit√©s : Explication simple,math
#shorts Incroyable astuce,shorts
FAIL COMPILATION #35,divertissement
Pourquoi ? #shorts,shorts
√Ä savoir #shorts,shorts
R√©soudre cet exercice facilement,math
Wait for it... #shorts,shorts
Exercice corrig√© : trigonom√©trie,math
üî• FOU #shorts,shorts
Stairway to Heaven Cover,musique
Voyage √† Mars,documentaires
les limites : Explication simple,math
les pyramides - La v√©rit√© r√©v√©l√©e,documentaires
les nombres complexes - D√©monstration,math
Incroyable üò± #shorts,shorts
les fonctions : Ce que votre prof ne vous dit pas,math
Socrate et la justice,philosophie
Enqu√™te sur les oc√©ans,documentaires
Bohemian Rhapsody Remix 2024,musique
JE R√âAGIS √Ä des vid√©os TikTok,divertissement
les matrices : M√©thode rapide,math
RAGE QUIT Call of Duty,jeux
PRANK : On pi√®ge mon ami,divertissement
Comment jouer Stairway to Heaven au piano,musique
Introduction √† l'utilitarisme,philosophie
Voyage √† Tokyo,documentaires
Comprendre la gravit√©,sciences
üî• FOU #shorts,shorts
TOP 45 MOMENTS G√äNANTS,divertissement
Elden Ring FUNNY MOMENTS,jeux
Cours de Pr√©pa : les √©quations diff√©rentielles,math
Among Us Ranked - en solo,jeux
L'ADN expliqu√© en 15 minutes,sciences
Le d√©barquement : Le documentaire,documentaires
Platon et la libert√©,philosophie
L'√©volution expliqu√© en 10 minutes,sciences
PRANK : Cam√©ra cach√©e,divertissement
L'histoire de l'espace,documentaires
Voyage √† New York,documentaires
La m√©canique quantique : Les derni√®res d√©couvertes,sciences
Classical Relaxation Music,musique
Incroyable üò± #shorts,shorts
Imagine Remix 2024,musique
MOMENTS G√äNANTS TIKTOK,divertissement
l'utilitarisme : Les grands principes,philosophie
les suites : M√©thode rapide,math
le bien selon Kant,philosophie
VLOG : ROUTINE,divertissement
Stairway to Heaven (Blues),musique
24H Ne pas rire,divertissement
Pourquoi nous r√™vons ?,sciences
üíÄ WTF #shorts,shorts
La science de le climat,sciences
l'√©cosyst√®me - Documentaire,sciences
Chimie : Fabriquer un circuit,sciences
Cours de Premi√®re : les matrices,math
le sto√Øcisme : Les grands principes,philosophie
Cours de Terminale : les matrices,math
Incroyable üò± #shorts,shorts
Comment fonctionne les atomes ?,sciences
Les myst√®res de Les trous noirs,sciences
ON A ACHET√â 100 TRUCS BIZARRES,divertissement
Tchernobyl : Le documentaire,documentaires
D√âFI : Parler qu'en anglais,divertissement
Rock Relaxation Music,musique
SITUATIONS AWKWARD - BEST OF,divertissement
√Ä la d√©couverte de Tokyo,documentaires
Chimie : Cr√©er un volcan,sciences
Smells Like Teen Spirit Remix 2024,musique
Les myst√®res de L'ADN,sciences
PRANK : On pi√®ge mon ami,divertissement
C'est quoi √ßa ? #shorts,shorts
D√âFI : Ne pas rire,divertissement
D√©bat : un sens √† la vie,philosophie
Bohemian Rhapsody Remix 2024,musique
l'existence selon Spinoza,philosophie
MOMENTS G√äNANTS - BEST OF,divertissement
Pourquoi les nombres complexes ?,math
Warzone FUNNY MOMENTS,jeux
Les les nombres complexes expliqu√©s simplement,math
MOMENTS G√äNANTS COMPILATION,divertissement
Regarde √ßa #shorts,shorts
TOP 15 FAILS,divertissement
C'est quoi √ßa ? #shorts,shorts
Pourquoi les saisons existent ?,sciences
Tchernobyl : Le documentaire,documentaires
ON A ACHET√â 100 TRUCS BIZARRES,divertissement
les limites : Explication simple,math
Hegel et la v√©rit√©,philosophie
Wonderwall (Blues),musique
la g√©om√©trie analytique : Explication simple,math
JE R√âAGIS √Ä vos commentaires,divertissement
Les √âgyptiens : Histoire et myst√®res,documentaires
le libre arbitre selon Hegel,philosophie
Metal Playlist Sleep,musique
La science de l'√©cosyst√®me,sciences
TOP 56 KILLS dans Call of Duty,jeux
VID√âOS DR√îLES TIKTOK,divertissement
VLOG : SHOPPING,divertissement
TOP 70 TRICKS dans Elden Ring,jeux
Trick #shorts,shorts
Applications de les probabilit√©s,math
PRANK : Cam√©ra cach√©e,divertissement
TOP 52 KILLS dans Clash Royale,jeux
INCROYABLE ! C'est trop dr√¥le,divertissement
Existe-t-il une r√©alit√© objective ?,philosophie
ON A ACHET√â 100 TRUCS BIZARRES,divertissement
Astuce rapide #shorts,shorts
VLOG : SHOPPING,divertissement
VID√âOS DR√îLES - BEST OF,divertissement
STORYTIME : Ma pire date,divertissement
basse Tutorial - Imagine,musique
Socrate expliqu√© simplement,philosophie
Pourquoi les limites ?,math
Les myst√®res de L'ADN,sciences
ON EST CHOQU√âS üò±,divertissement
√âpicure expliqu√© simplement,philosophie
Exp√©rience : Extraire l'ADN,sciences
R√©soudre ce probl√®me facilement,math
Life hack #shorts,shorts
Le probl√®me de un sens √† la vie,philosophie
les int√©grales : M√©thode rapide,math
les limites : M√©thode rapide,math
Astuce rapide #shorts,shorts
La chute du mur de Berlin - Retour sur l'histoire,documentaires
Astronomie - Les trous noirs,sciences
ON TESTE LE TRUC BIZARRE D'AMAZON,divertissement
La physique de l'univers,sciences
Les Mayas : Histoire et myst√®res,documentaires
Chimie : Fabriquer un circuit,sciences
Tchernobyl - Retour sur l'histoire,documentaires
Wonderwall - Metallica (Lyrics),musique
Nirvana - Hotel California,musique
Classical Playlist Sleep,musique
Philosophie : L'√©pist√©mologie,philosophie
Les les probabilit√©s expliqu√©s simplement,math
VLOG : ROUTINE,divertissement
La physique de l'univers,sciences
les civilisations perdues - Documentaire complet,documentaires
Cours de Pr√©pa : les √©quations diff√©rentielles,math
ON TESTE LES GADGETS INUTILES,divertissement
Qu'est-ce que l'existence ?,philosophie
Applications de les fonctions,math
TOP 44 KILLS dans Fortnite,jeux
MOMENTS G√äNANTS - BEST OF,divertissement
Astuce de ouf #shorts,shorts
Rock Mix 2025,musique
Comment jouer Bohemian Rhapsody au guitare,musique
Smells Like Teen Spirit (Rock),musique
Incroyable üò± #shorts,shorts
Imagine (Pop),musique
LIVE Among Us - nouvelle map,jeux
le libre arbitre selon Descartes,philosophie
FAILS TIKTOK,divertissement
la nature - La v√©rit√© r√©v√©l√©e,documentaires
les int√©grales : Explication simple,math
Exp√©rience : Extraire l'ADN,sciences
Introduction √† l'utilitarisme,philosophie
Sweet Child O' Mine Remix 2023,musique
Valorant GAMEPLAY FR #59,jeux
Biologie : le syst√®me solaire,sciences
24H Ne pas rire,divertissement
League of Legends SPEEDRUN Any%,jeux
Les la g√©om√©trie analytique expliqu√©s simplement,math
Exercice corrig√© : trigonom√©trie,math
les nombres complexes : M√©thode rapide,math
D√âFI : Parler qu'en anglais,divertissement
Call of Duty - BROKEN BUILD OP,jeux
Les les suites expliqu√©s simplement,math
√âthique : Le devoir moral,philosophie
Queen - Sweet Child O' Mine (Acoustic),musique
Cours de Pr√©pa : les matrices,math
Churchill - Biographie,documentaires
Conseil du jour #shorts,shorts
PRANK : Il croit que je suis...,divertissement
ON TEST CS:GO !,jeux
Chimie : Cr√©er un volcan,sciences
Metal Relaxation Music,musique
Les les d√©riv√©es expliqu√©s simplement,math
Ce truc est fou üò± #shorts,shorts
Qu'est-ce que le bien ?,philosophie
Comment jouer Bohemian Rhapsody au batterie,musique
Life hack #shorts,shorts
Enqu√™te sur les pyramides,documentaires
La physique de les smartphones,sciences
Wonderwall Cover,musique
La relativit√© - Ce que vous ne savez pas,sciences
POV #shorts,shorts
TUTO Overwatch : Gagner facilement,jeux
WTF ! Regardez √ßa,divertissement
Imagine Remix 2024,musique
24H Manger √©pic√©,divertissement
Valorant Ranked - mode hardcore,jeux
POV: Tu es √©tudiant #shorts,shorts
Sweet Child O' Mine - Live Performance,musique
CS:GO GAMEPLAY FR #84,jeux
La photosynth√®se expliqu√© en 15 minutes,sciences
les nombres complexes : Ce que votre prof ne vous dit pas,math
Among Us : nouvelle saison,jeux
MOMENTS G√äNANTS COMPILATION,divertissement
Overwatch : nouvelle saison,jeux
√âthique : Le devoir moral,philosophie
FAIL COMPILATION #15,divertissement
Conseil du jour #shorts,shorts
Philosophie : L'√©pist√©mologie,philosophie
√Ä la d√©couverte de New York,documentaires
STORYTIME : J'ai rencontr√©...,divertissement
Incroyable üò± #shorts,shorts
Comprendre la gravit√©,sciences
TOP 85 TRICKS dans Minecraft,jeux
24H Manger √©pic√©,divertissement
VLOG : ROUTINE,divertissement
PRANK : Il croit que je suis...,divertissement
Astronomie - La photosynth√®se,sciences
les civilisations perdues - La v√©rit√© r√©v√©l√©e,documentaires
Le monde de les oc√©ans,documentaires
batterie Tutorial - Stairway to Heaven,musique
Le probl√®me de une r√©alit√© objective,philosophie
la g√©om√©trie analytique : Explication simple,math
VID√âOS DR√îLES COMPILATION,divertissement
Life hack #shorts,shorts
Jazz Mix 2025,musique
Le probl√®me de un sens √† la vie,philosophie
Saviez-vous que üò± #shorts,shorts
Cours de Seconde : les √©quations diff√©rentielles,math
Chimie : Fabriquer un circuit,sciences
Les id√©es de Descartes,philosophie
ON TESTE LA NOURRITURE AM√âRICAINE,divertissement
Astronomie - La photosynth√®se,sciences
FAILS COMPILATION,divertissement
Les myst√®res de La photosynth√®se,sciences
Best of Coldplay,musique
√âthique : La justice sociale,philosophie
Les myst√®res de Les ondes gravitationnelles,sciences
Les Romains : Histoire et myst√®res,documentaires
Enqu√™te sur les civilisations perdues,documentaires
VLOG : MA JOURN√âE,divertissement
Comment jouer Stairway to Heaven au batterie,musique
les limites : M√©thode rapide,math
Ce truc est fou üò± #shorts,shorts
La physique de les vaccins,sciences
Best of Led Zeppelin,musique
Les Vikings : Histoire et myst√®res,documentaires
R√©soudre cette √©quation facilement,math
Imagine (Rock),musique
VID√âOS DR√îLES COMPILATION,divertissement
Fortnite - META BUILD OP,jeux
VLOG : SHOPPING,divertissement
Pourquoi les probabilit√©s ?,math
Tchernobyl - Retour sur l'histoire,documentaires
Ce truc est fou üò± #shorts,shorts
Best of Coldplay,musique
When #shorts,shorts
R√©soudre cet exercice facilement,math
Tu savais √ßa ? #shorts,shorts
les cellules - Documentaire,sciences
Classical Relaxation Music,musique
#shorts Regarde √ßa,shorts
CS:GO GAMEPLAY FR #75,jeux
L'histoire de les civilisations perdues,documentaires
Introduction √† les int√©grales,math
Smells Like Teen Spirit (Rock),musique
√Ä savoir #shorts,shorts
Classical Mix 2024,musique
D√âCOUVERTE Valorant,jeux
Tu savais √ßa ? #shorts,shorts
Existe-t-il vraiment libres ?,philosophie
D√©bat : un sens √† la vie,philosophie
POV: Tu rentres chez toi #shorts,shorts
les pyramides - Documentaire complet,documentaires
Pourquoi les d√©riv√©es ?,math
Philosophie : L'√©pist√©mologie,philosophie
L'histoire de l'espace,documentaires
FIFA FUNNY MOMENTS,jeux
La chute du mur de Berlin - Retour sur l'histoire,documentaires
Wonderwall - Radiohead (Lyrics),musique
Wonderwall Remix 2023,musique
La photosynth√®se - Ce que vous ne savez pas,sciences
Churchill - Biographie,documentaires
TOP 92 FAILS dans CS:GO,jeux
Comment jouer Wonderwall au basse,musique
Le monde de les civilisations perdues,documentaires
les d√©riv√©es : Explication simple,math
#shorts Tu savais √ßa ?,shorts
#shorts Regarde √ßa,shorts
les fonctions : Ce que votre prof ne vous dit pas,math
La physique de Internet,sciences
Wait for it... #shorts,shorts
JE D√âCOUVRE Fortnite ! üò±,jeux
When #shorts,shorts
les matrices : Explication simple,math
Le probl√®me de vraiment libres,philosophie
D√âCOUVERTE CS:GO,jeux
24H 24h sans t√©l√©phone,divertissement
les oc√©ans - La v√©rit√© r√©v√©l√©e,documentaires
Introduction √† les suites,math
TOP 13 MOMENTS dans Fortnite,jeux
VLOG : MA JOURN√âE,divertissement
L'ADN - Ce que vous ne savez pas,sciences
Overwatch FUNNY MOMENTS,jeux
les d√©riv√©es : Explication simple,math
#shorts Tu savais √ßa ?,shorts
Les secrets de les d√©riv√©es,math
Life hack #shorts,shorts
Pourquoi les saisons existent ?,sciences
l'existentialisme : Les grands principes,philosophie
R√©soudre cette √©quation facilement,math
Hegel expliqu√© simplement,philosophie
Clash Royale Ranked - en solo,jeux
Smells Like Teen Spirit - Muse (Lyrics),musique
les probabilit√©s : Ce que votre prof ne vous dit pas,math
TOP 25 MOMENTS G√äNANTS,divertissement
La relativit√© expliqu√© en 15 minutes,sciences
FAILS TIKTOK,divertissement
Pourquoi les saisons existent ?,sciences
C'EST N'IMPORTE QUOI üòÇ,divertissement
Comment fonctionne les vaccins ?,sciences
Einstein - Biographie,documentaires
MOMENTS G√äNANTS - BEST OF,divertissement
le sto√Øcisme : Les grands principes,philosophie
Les secrets de l'univers,documentaires
L'histoire de la nature,documentaires
Pop Relaxation Music,musique
√Ä la d√©couverte de l'Antarctique,documentaires
Enqu√™te sur les pyramides,documentaires
TOP 29 KILLS dans Apex Legends,jeux
RAGE QUIT Elden Ring,jeux
CS:GO - C'EST DE LA FOLIE,jeux
Philosophie : L'√©pist√©mologie,philosophie
Tchernobyl - Retour sur l'histoire,documentaires
#shorts Incroyable astuce,shorts
Incroyable üò± #shorts,shorts
Churchill - Biographie,documentaires
TOP 32 KILLS dans CS:GO,jeux
Wonderwall - Live Performance,musique
Wait for it... #shorts,shorts
Comment fonctionne le cerveau ?,sciences
Sweet Child O' Mine (Rock),musique
les limites : Ce que votre prof ne vous dit pas,math
√Ä savoir #shorts,shorts
üíÄ WTF #shorts,shorts
Le big bang : Les derni√®res d√©couvertes,sciences
Le monde de l'espace,documentaires
√âthique : La justice sociale,philosophie
ON A ACHET√â LE TRUC LE PLUS CHER,divertissement
les int√©grales : Ce que votre prof ne vous dit pas,math
Stairway to Heaven Remix 2023,musique
Blues Mix 2024,musique
POV: Tu es √©tudiant #shorts,shorts
üî• FOU #shorts,shorts
D√©bat : une r√©alit√© objective,philosophie
Astronomie - Les ondes gravitationnelles,sciences
Trick #shorts,shorts
Incroyable üò± #shorts,shorts
L'√©volution expliqu√© en 15 minutes,sciences
Hotel California - Live Performance,musique
Biologie : l'√©cosyst√®me,sciences
Wonderwall - Live Performance,musique
TOP 50 FAILS,divertissement
Wait for it... #shorts,shorts
Apex Legends GAMEPLAY FR #96,jeux
Clash Royale SPEEDRUN WR,jeux
GTA 5 - run #43,jeux
Best of AC/DC,musique
Tchernobyl : Le documentaire,documentaires
l'√âgypte ancienne - Documentaire complet,documentaires
FOU ! C'est trop dr√¥le,divertissement
TUTO Valorant : Devenir meilleur,jeux
R√©soudre cet exercice facilement,math
Socrate et la v√©rit√©,philosophie
Enqu√™te sur la nature,documentaires
Le monde de les oc√©ans,documentaires
les √©quations diff√©rentielles : Explication simple,math
LIVE Clash Royale - mode hardcore,jeux
VLOG : ROUTINE,divertissement
Trick #shorts,shorts
Imagine Cover,musique
La physique de les vaccins,sciences
Cours de Terminale : les nombres complexes,math
Hotel California (Classical),musique
Incroyable astuce #shorts,shorts
Metal Playlist Relax,musique
Le probl√®me de vraiment libres,philosophie
la nature - Documentaire complet,documentaires
Comprendre l'√©lectromagn√©tisme,sciences
Me trying to #shorts,shorts
Among Us SPEEDRUN 100%,jeux
Les secrets de l'univers,documentaires
Comprendre les matrices en 10 minutes,math
Comprendre les nombres complexes en 15 minutes,math
le climat - Documentaire,sciences
Dans les coulisses de Tokyo,documentaires
POV #shorts,shorts
Overwatch - C'EST DE LA FOLIE,jeux
Le monde de l'√âgypte ancienne,documentaires
R√©soudre cette √©quation facilement,math
AC/DC - Stairway to Heaven (Acoustic),musique
JE D√âTRUIS TOUT DANS Apex Legends ! üò±,jeux
violon Tutorial - Stairway to Heaven,musique
Exercice corrig√© : logarithmes,math
L'histoire de les pyramides,documentaires
TOP 73 FAILS dans Elden Ring,jeux
Applications de les nombres complexes,math
Hotel California - Metallica (Lyrics),musique
RAGE QUIT Fortnite,jeux
Wait for it... #shorts,shorts
TOP 40 SITUATIONS AWKWARD,divertissement
Les myst√®res de La m√©canique quantique,sciences
Le d√©barquement - Retour sur l'histoire,documentaires
Existe-t-il un sens √† la vie ?,philosophie
Platon et la libert√©,philosophie
STORYTIME : Ma pire date,divertissement
Wait for it... #shorts,shorts
Comprendre les limites en 20 minutes,math
Wait for it... #shorts,shorts
Comprendre la thermodynamique,sciences
Tu savais √ßa ? #shorts,shorts
POV: Tu rentres chez toi #shorts,shorts
Comment jouer Imagine au batterie,musique
Best of Pink Floyd,musique
Applications de la g√©om√©trie analytique,math
Rock Mix 2025,musique
CHOQUANT ! Regardez √ßa,divertissement
Enqu√™te sur l'√âgypte ancienne,documentaires
Einstein - Biographie,documentaires
OMG ! C'est trop dr√¥le,divertissement
Comprendre les suites en 20 minutes,math
Pourquoi les nombres complexes ?,math
la g√©om√©trie analytique : Explication simple,math
FAIL COMPILATION #30,divertissement
D√©bat : un sens √† la vie,philosophie
Me trying to #shorts,shorts
PRANK : On pi√®ge mon ami,divertissement
L'√©volution - Ce que vous ne savez pas,sciences
Electro Relaxation Music,musique
la Seconde Guerre mondiale - La v√©rit√© r√©v√©l√©e,documentaires
Trick #shorts,shorts
Existe-t-il vraiment libres ?,philosophie
l'utilitarisme : Les grands principes,philosophie
Call of Duty : en solo,jeux
Hip Hop Playlist Study,musique
Pourquoi les √©quations diff√©rentielles ?,math
D√âCOUVERTE Fortnite,jeux
basse Tutorial - Stairway to Heaven,musique
PRANK : Il croit que je suis...,divertissement
Platon expliqu√© simplement,philosophie
Cours de Pr√©pa : les d√©riv√©es,math
L'histoire de les civilisations perdues,documentaires
Exp√©rience : Extraire l'ADN,sciences
LIVE Fortnite - premier essai,jeux
üíÄ WTF #shorts,shorts
Electro Mix 2024,musique
Le probl√®me de vraiment libres,philosophie
l'√âgypte ancienne - La v√©rit√© r√©v√©l√©e,documentaires
Comment fonctionne les smartphones ?,sciences
üíÄ WTF #shorts,shorts
Pourquoi les saisons existent ?,sciences
le rationalisme : Les grands principes,philosophie
Wait for it... #shorts,shorts
Pourquoi la g√©om√©trie analytique ?,math
Bohemian Rhapsody Remix 2024,musique
Les secrets de la vie,documentaires
Electro Relaxation Music,musique
l'√©cosyst√®me - Documentaire,sciences
TOP 95 KILLS dans GTA 5,jeux
Fortnite - d√©couverte #30,jeux
Smells Like Teen Spirit - Live Performance,musique
Les id√©es de Nietzsche,philosophie
Biologie : les cellules,sciences
Le big bang expliqu√© en 15 minutes,sciences
Smells Like Teen Spirit Remix 2024,musique
üò± INCROYABLE #shorts,shorts
Metal Playlist Relax,musique
Conseil du jour #shorts,shorts
Fortnite - META BUILD OP,jeux
√âthique : La justice sociale,philosophie
Les secrets de l'humanit√©,documentaires
#shorts Incroyable astuce,shorts
Enqu√™te sur la nature,documentaires
Biologie : l'√©cosyst√®me,sciences
√âthique : La justice sociale,philosophie
Pourquoi les saisons existent ?,sciences
L'ADN - Ce que vous ne savez pas,sciences
Le monde de l'espace,documentaires
Astronomie - La relativit√©,sciences
Voyage √† New York,documentaires
Sweet Child O' Mine Remix 2024,musique
CS:GO - d√©couverte #99,jeux
Coldplay - Sweet Child O' Mine (Acoustic),musique
Les secrets de les fonctions,math
Call of Duty GAMEPLAY FR #29,jeux
Clash Royale SPEEDRUN 100%,jeux
Hotel California - Live Performance,musique
Clash Royale FUNNY MOMENTS,jeux
Les Vikings : Histoire et myst√®res,documentaires
piano Tutorial - Sweet Child O' Mine,musique
GTA 5 FUNNY MOMENTS,jeux
VID√âOS DR√îLES TIKTOK,divertissement
Napol√©on - Biographie,documentaires
RAGE QUIT Call of Duty,jeux
FAILS - BEST OF,divertissement
Le monde de l'√âgypte ancienne,documentaires
Les secrets de la Terre,documentaires
Overwatch Custom - mode hardcore,jeux
D√âFI : Ne pas rire,divertissement
Cours de Seconde : les matrices,math
Wait for it... #shorts,shorts
Les id√©es de Platon,philosophie
La chute du mur de Berlin - Retour sur l'histoire,documentaires
Cl√©op√¢tre - Biographie,documentaires
Pourquoi les nombres complexes ?,math
FAILS - BEST OF,divertissement
Comment fonctionne l'univers ?,sciences
Applications de les int√©grales,math
L'histoire de la Seconde Guerre mondiale,documentaires
PRANK : Il croit que je suis...,divertissement
VID√âOS DR√îLES TIKTOK,divertissement
Incroyable üò± #shorts,shorts
JE D√âTRUIS TOUT DANS Valorant ! üî•,jeux
Qu'est-ce que la conscience ?,philosophie
Rocket League - C'EST DE LA FOLIE,jeux
L'√©volution : Les derni√®res d√©couvertes,sciences
Exp√©rience : Cr√©er un volcan,sciences
D√âCOUVERTE Overwatch,jeux
Stairway to Heaven - Pink Floyd (Lyrics),musique
La photosynth√®se : Les derni√®res d√©couvertes,sciences
Electro Playlist Party,musique
Exercice corrig√© : exponentielle,math
l'espace - Documentaire complet,documentaires
ON TESTE LES GADGETS INUTILES,divertissement
TUTO CS:GO : Techniques de pro,jeux
Nietzsche expliqu√© simplement,philosophie
Le probl√®me de vraiment libres,philosophie
Rocket League GAMEPLAY FR #62,jeux
Tchernobyl - Retour sur l'histoire,documentaires
Rocket League - C'EST DE LA FOLIE,jeux
Pourquoi le ciel est bleu ?,sciences
ON TEST Fortnite !,jeux
Led Zeppelin - Stairway to Heaven [Official Video],musique
Les secrets de la Terre,documentaires
ON TEST Fortnite !,jeux
l'existentialisme : Les grands principes,philosophie
Cours de Terminale : les int√©grales,math
RAGE QUIT Among Us,jeux
Le probl√®me de un sens √† la vie,philosophie
FAIL COMPILATION #50,divertissement
L'histoire de la nature,documentaires
Le probl√®me de un sens √† la vie,philosophie
CS:GO GAMEPLAY FR #69,jeux
RAGE QUIT League of Legends,jeux
Astronomie - L'ADN,sciences
Rocket League Battle Royale - nouvelle map,jeux
Among Us Custom - en solo,jeux
FAILS - BEST OF,divertissement
TOP 10 MOMENTS dans Clash Royale,jeux
PRANK : On pi√®ge mon ami,divertissement
les matrices : M√©thode rapide,math
STORYTIME : Comment j'ai rat√© mon exam,divertissement
Exercice corrig√© : th√©or√®me de Pythagore,math
TUTO Warzone : Techniques de pro,jeux
Best of Coldplay,musique
Muse - Hotel California (Acoustic),musique
les suites - D√©monstration,math
les pyramides - La v√©rit√© r√©v√©l√©e,documentaires
Wonderwall - Queen (Lyrics),musique
Les secrets de la Terre,documentaires
TUTO FIFA : Gagner facilement,jeux
Le d√©barquement - Retour sur l'histoire,documentaires
Pourquoi ? #shorts,shorts
Exp√©rience : Extraire l'ADN,sciences
Qu'est-ce que l'existence ?,philosophie
POV: Tu rentres chez toi #shorts,shorts
Les secrets de les probabilit√©s,math
TOP 25 PLAYS dans League of Legends,jeux
Pourquoi les suites ?,math
Valorant SPEEDRUN WR,jeux
Life hack #shorts,shorts
la nature - La v√©rit√© r√©v√©l√©e,documentaires
Regarde √ßa #shorts,shorts
Comment jouer Sweet Child O' Mine au basse,musique
TOP 10 FAILS,divertissement
VID√âOS DR√îLES TIKTOK,divertissement
JE R√âAGIS √Ä des vid√©os TikTok,divertissement
Enqu√™te sur l'espace,documentaires
Comment fonctionne l'√©lectricit√© ?,sciences
La science de le syst√®me solaire,sciences
Best of Muse,musique
Coldplay - Stairway to Heaven (Acoustic),musique
TOP 10 MOMENTS G√äNANTS,divertissement
Stairway to Heaven Remix 2023,musique
Hip Hop Mix 2024,musique
La chute du mur de Berlin : Le documentaire,documentaires
Overwatch - test #8,jeux
ON TESTE LA NOURRITURE AM√âRICAINE,divertissement
Comprendre la thermodynamique,sciences
guitare Tutorial - Stairway to Heaven,musique
le sto√Øcisme : Les grands principes,philosophie
ON A ACHET√â LE TRUC LE PLUS CHER,divertissement
LIVE Minecraft - c'est incroyable,jeux
ON TEST Rocket League !,jeux
L'histoire de la nature,documentaires
TOP 60 MOMENTS dans GTA 5,jeux
Pourquoi le ciel est bleu ?,sciences
l'utilitarisme : Les grands principes,philosophie
les probabilit√©s : Ce que votre prof ne vous dit pas,math
les √©quations diff√©rentielles : Ce que votre prof ne vous dit pas,math
Biologie : le climat,sciences
Chimie : Extraire l'ADN,sciences
Sartre et le bonheur,philosophie
D√âFI : Parler qu'en anglais,divertissement
Fortnite - C'EST DE LA FOLIE,jeux
JE R√âAGIS √Ä mes anciens posts,divertissement
Philosophie : L'√©pist√©mologie,philosophie
Among Us SPEEDRUN WR,jeux
TUTO Rocket League : Techniques de pro,jeux
L'histoire de les pyramides,documentaires
D√âCOUVERTE Valorant,jeux
les fonctions - D√©monstration,math
le bien selon Socrate,philosophie
Astronomie - La relativit√©,sciences
Saviez-vous que üò± #shorts,shorts
Existe-t-il une r√©alit√© objective ?,philosophie
les matrices : Explication simple,math
La science de les cellules,sciences
Dans les coulisses de la for√™t amazonienne,documentaires
Comment fonctionne la lumi√®re ?,sciences
Tchernobyl - Retour sur l'histoire,documentaires
POV: C'est lundi matin #shorts,shorts
l'utilitarisme : Les grands principes,philosophie
JE R√âAGIS √Ä des vid√©os TikTok,divertissement
Les id√©es de Spinoza,philosophie
les matrices : Ce que votre prof ne vous dit pas,math
TROP MARRANT üò±,divertissement
Les id√©es de Descartes,philosophie
24H Manger √©pic√©,divertissement
Valorant : nouvelle saison,jeux
Biologie : le syst√®me solaire,sciences
les pyramides - Documentaire complet,documentaires
Comment fonctionne les smartphones ?,sciences
l'utilitarisme : Les grands principes,philosophie
Les secrets de l'univers,documentaires
VLOG : ROUTINE,divertissement
l'existence selon Descartes,philosophie
RAGE QUIT Overwatch,jeux
Comment jouer Bohemian Rhapsody au violon,musique
Les Vikings : Histoire et myst√®res,documentaires
Exp√©rience : Extraire l'ADN,sciences
ON TESTE LA NOURRITURE AM√âRICAINE,divertissement
Classical Mix 2025,musique
Stairway to Heaven - AC/DC (Lyrics),musique
JE D√âCOUVRE Elden Ring ! üíÄ,jeux
POV: C'est lundi matin #shorts,shorts
Rock Mix 2023,musique
STORYTIME : Comment j'ai rat√© mon exam,divertissement
Apex Legends - let's play #65,jeux
Spinoza et la libert√©,philosophie
24H Parler qu'en anglais,divertissement
Stairway to Heaven - AC/DC (Lyrics),musique
C'est quoi √ßa ? #shorts,shorts
ON A ACHET√â 100 TRUCS BIZARRES,divertissement
#shorts Tu savais √ßa ?,shorts
Overwatch - C'EST DE LA FOLIE,jeux
les probabilit√©s : M√©thode rapide,math
PRANK : Cam√©ra cach√©e,divertissement
Hegel expliqu√© simplement,philosophie
Les myst√®res de Les ondes gravitationnelles,sciences
Electro Relaxation Music,musique
Tchernobyl - Retour sur l'histoire,documentaires
R√©soudre cet exercice facilement,math
Rock Mix 2023,musique
üî• FOU #shorts,shorts
FAIL COMPILATION #30,divertissement
Cours de Seconde : les probabilit√©s,math
La chute du mur de Berlin - Retour sur l'histoire,documentaires
Les Mayas : Histoire et myst√®res,documentaires
üî• FOU #shorts,shorts
Existe-t-il vraiment libres ?,philosophie
Cours de Premi√®re : les d√©riv√©es,math
Comment fonctionne l'univers ?,sciences
PRANK : Il croit que je suis...,divertissement
Astuce rapide #shorts,shorts
RAGE QUIT CS:GO,jeux
les fonctions : Ce que votre prof ne vous dit pas,math
Le d√©barquement : Le documentaire,documentaires
Qu'est-ce que le bien ?,philosophie
La physique de le cerveau,sciences
Astuce de ouf #shorts,shorts
La chute du mur de Berlin - Retour sur l'histoire,documentaires
Biologie : le syst√®me solaire,sciences
Applications de les int√©grales,math
TOP 59 FAILS dans League of Legends,jeux
When #shorts,shorts
Comment fonctionne l'univers ?,sciences
Saviez-vous que üò± #shorts,shorts
Qu'est-ce que la conscience ?,philosophie
Les secrets de la Terre,documentaires
D√©bat : une r√©alit√© objective,philosophie
Wait for it... #shorts,shorts
Apex Legends FUNNY MOMENTS,jeux
Voyage √† New York,documentaires
Chimie : Extraire l'ADN,sciences
SITUATIONS AWKWARD COMPILATION,divertissement
FAILS TIKTOK,divertissement
Hotel California - Live Performance,musique
Tchernobyl : Le documentaire,documentaires
Chimie : Extraire l'ADN,sciences
Les myst√®res de L'√©volution,sciences
violon Tutorial - Smells Like Teen Spirit,musique
Aristote et le bonheur,philosophie
Les Vikings : Histoire et myst√®res,documentaires
Le monde de les oc√©ans,documentaires
D√âFI : Manger √©pic√©,divertissement
Introduction √† le rationalisme,philosophie
Stairway to Heaven - Metallica (Lyrics),musique
VLOG : VACANCES,divertissement
INCROYABLE ! Regardez √ßa,divertissement
Muse - Stairway to Heaven (Acoustic),musique
Qu'est-ce que le bien ?,philosophie
Les secrets de les d√©riv√©es,math
Among Us - C'EST DE LA FOLIE,jeux
Cours de Premi√®re : les int√©grales,math
VLOG : VACANCES,divertissement
Radiohead - Wonderwall [Official Video],musique
Socrate et le bonheur,philosophie
Ce truc est fou üò± #shorts,shorts
Les les matrices expliqu√©s simplement,math
Comprendre les matrices en 5 minutes,math
ON A ACHET√â 100 TRUCS BIZARRES,divertissement
Sweet Child O' Mine Remix 2023,musique
l'utilitarisme : Les grands principes,philosophie
Sweet Child O' Mine - Pink Floyd (Lyrics),musique
ON A ACHET√â 100 TRUCS BIZARRES,divertissement
VID√âOS DR√îLES COMPILATION,divertissement
Comment jouer Imagine au violon,musique
√Ä la d√©couverte de New York,documentaires
GTA 5 FUNNY MOMENTS,jeux
D√âCOUVERTE Call of Duty,jeux
√Ä la d√©couverte de Tokyo,documentaires
POV: C'est lundi matin #shorts,shorts
Philosophie : L'√©pist√©mologie,philosophie
La science de les cellules,sciences
VLOG : MA JOURN√âE,divertissement
les √©quations diff√©rentielles : M√©thode rapide,math
Elden Ring - C'EST DE LA FOLIE,jeux
Rocket League - partie #73,jeux
Introduction √† le rationalisme,philosophie
L'histoire de les civilisations perdues,documentaires
VLOG : SHOPPING,divertissement
la Seconde Guerre mondiale - Documentaire complet,documentaires
Applications de les suites,math
Comment jouer Bohemian Rhapsody au piano,musique
Pourquoi les √©quations diff√©rentielles ?,math
Astuce de ouf #shorts,shorts
Comprendre les fonctions en 5 minutes,math
√Ä savoir #shorts,shorts
Sweet Child O' Mine Remix 2024,musique
Smells Like Teen Spirit (Rock),musique
D√©bat : un sens √† la vie,philosophie
Les secrets de l'univers,documentaires
Les secrets de l'univers,documentaires
POV #shorts,shorts
Cours de Seconde : les limites,math
PRANK : On pi√®ge mon ami,divertissement
Chimie : Fabriquer un circuit,sciences
Elden Ring SPEEDRUN Any%,jeux
Valorant GAMEPLAY FR #9,jeux
La science de le climat,sciences
JE TESTE Elden Ring ! üíÄ,jeux
POV #shorts,shorts
Enqu√™te sur les oc√©ans,documentaires
l'existentialisme : Les grands principes,philosophie
#shorts Regarde √ßa,shorts
üò± INCROYABLE #shorts,shorts
les probabilit√©s : Explication simple,math
Hotel California - Radiohead (Lyrics),musique
Rocket League Casual - avec les abonn√©s,jeux
√âthique : Le devoir moral,philosophie
C'est quoi √ßa ? #shorts,shorts
Dans les coulisses de l'Antarctique,documentaires
GTA 5 - OP BUILD OP,jeux
La chute du mur de Berlin : Le documentaire,documentaires
Les secrets de la g√©om√©trie analytique,math
Les √âgyptiens : Histoire et myst√®res,documentaires
le libre arbitre selon Platon,philosophie
les probabilit√©s - D√©monstration,math
La science de le syst√®me solaire,sciences
La m√©canique quantique : Les derni√®res d√©couvertes,sciences
Sweet Child O' Mine - Live Performance,musique
Comprendre la thermodynamique,sciences
Qu'est-ce que le bien ?,philosophie
POV: C'est lundi matin #shorts,shorts
Churchill - Biographie,documentaires
RAGE QUIT Warzone,jeux
Les secrets de les suites,math
Voyage √† l'Antarctique,documentaires
Les Vikings : Histoire et myst√®res,documentaires
D√©bat : vraiment libres,philosophie
FAIL COMPILATION #5,divertissement
L'histoire de les oc√©ans,documentaires
FAILS TIKTOK,divertissement
la Seconde Guerre mondiale - La v√©rit√© r√©v√©l√©e,documentaires
Les ondes gravitationnelles : Les derni√®res d√©couvertes,sciences
La relativit√© - Ce que vous ne savez pas,sciences
R√©soudre cet exercice facilement,math
Smells Like Teen Spirit - Live Performance,musique
League of Legends - partie #11,jeux
la g√©om√©trie analytique - D√©monstration,math
Comment jouer Sweet Child O' Mine au basse,musique
JE TESTE FIFA ! ‚ö°,jeux
Qu'est-ce que le libre arbitre ?,philosophie
MOMENTS G√äNANTS COMPILATION,divertissement
Philosophie : L'√©pist√©mologie,philosophie
Les id√©es de Spinoza,philosophie
la g√©om√©trie analytique : M√©thode rapide,math
LIVE Minecraft - avec les abonn√©s,jeux
Churchill - Biographie,documentaires
D√©bat : un sens √† la vie,philosophie
Ce truc est fou üò± #shorts,shorts
Sweet Child O' Mine - Led Zeppelin (Lyrics),musique
Warzone - OP BUILD OP,jeux
Exp√©rience : Cr√©er un volcan,sciences
Regarde √ßa #shorts,shorts
FAIL COMPILATION #10,divertissement
Napol√©on - Biographie,documentaires
l'√©cosyst√®me - Documentaire,sciences
Overwatch - let's play #1,jeux
Churchill - Biographie,documentaires
Cours de Premi√®re : les d√©riv√©es,math
Comment fonctionne les smartphones ?,sciences
Le big bang : Les derni√®res d√©couvertes,sciences
Me trying to #shorts,shorts
Les myst√®res de L'√©volution,sciences
Les secrets de la g√©om√©trie analytique,math
Le probl√®me de vraiment libres,philosophie
La chute du mur de Berlin - Retour sur l'histoire,documentaires
Comment fonctionne les smartphones ?,sciences
FIFA Custom - avec les abonn√©s,jeux
Les la g√©om√©trie analytique expliqu√©s simplement,math
Ce truc est fou üò± #shorts,shorts
Dans les coulisses de la for√™t amazonienne,documentaires
Astronomie - Le big bang,sciences
POV: C'est lundi matin #shorts,shorts
JE TESTE Overwatch ! üî•,jeux
La chute du mur de Berlin - Retour sur l'histoire,documentaires
24H 24h sans t√©l√©phone,divertissement
Ce truc est fou üò± #shorts,shorts
Astronomie - L'√©volution,sciences
R√©soudre cette √©quation facilement,math
TOP 76 FAILS dans Rocket League,jeux
Stairway to Heaven (Metal),musique
Smells Like Teen Spirit - Live Performance,musique
√âthique : La justice sociale,philosophie
L'ADN : Les derni√®res d√©couvertes,sciences
INCROYABLE ! C'est trop dr√¥le,divertissement
Pourquoi ? #shorts,shorts
Astronomie - La m√©canique quantique,sciences
les pyramides - Documentaire complet,documentaires
Call of Duty - BROKEN BUILD OP,jeux
Le monde de les civilisations perdues,documentaires
VLOG : MA JOURN√âE,divertissement
Classical Playlist Sleep,musique
Bohemian Rhapsody - Nirvana (Lyrics),musique
Wait for it... #shorts,shorts
Qu'est-ce que la conscience ?,philosophie
les limites : M√©thode rapide,math
Kant expliqu√© simplement,philosophie
La science de le climat,sciences
#shorts Incroyable astuce,shorts
La science de les cellules,sciences
FAIL COMPILATION #30,divertissement
üî• FOU #shorts,shorts
les matrices - D√©monstration,math
JE JOUE √Ä Among Us ! üíÄ,jeux
Pink Floyd - Sweet Child O' Mine [Official Video],musique
üî• FOU #shorts,shorts
Blues Playlist Relax,musique
Cours de Licence : les probabilit√©s,math
R√©soudre ce probl√®me facilement,math
Comment jouer Hotel California au piano,musique
la nature - Documentaire complet,documentaires
üíÄ WTF #shorts,shorts
√âthique : Le devoir moral,philosophie
Comment ? #shorts,shorts
TOP 17 PLAYS dans Among Us,jeux
D√©bat : vraiment libres,philosophie
Qu'est-ce que le libre arbitre ?,philosophie
Le probl√®me de une r√©alit√© objective,philosophie
Chimie : Cr√©er un volcan,sciences
Conseil du jour #shorts,shorts
Le d√©barquement : Le documentaire,documentaires
Minecraft - test #99,jeux
√âthique : La justice sociale,philosophie
FAIL COMPILATION #45,divertissement
When #shorts,shorts
Les ondes gravitationnelles expliqu√© en 15 minutes,sciences
Comprendre les limites en 15 minutes,math
L'√©volution : Les derni√®res d√©couvertes,sciences
TOP 40 VID√âOS DR√îLES,divertissement
Cours de Premi√®re : les fonctions,math
les √©quations diff√©rentielles - D√©monstration,math
Introduction √† l'utilitarisme,philosophie
D√©bat : vraiment libres,philosophie
Enqu√™te sur la nature,documentaires
Applications de les d√©riv√©es,math
Le big bang - Ce que vous ne savez pas,sciences
üî• FOU #shorts,shorts
√Ä savoir #shorts,shorts
Introduction √† le rationalisme,philosophie
Comprendre la gravit√©,sciences
TOP 75 PLAYS dans Minecraft,jeux
Chimie : Fabriquer un circuit,sciences
Existe-t-il une r√©alit√© objective ?,philosophie
Le monde de la Seconde Guerre mondiale,documentaires
RAGE QUIT Clash Royale,jeux
l'√©cosyst√®me - Documentaire,sciences
Wait for it... #shorts,shorts
Astronomie - La relativit√©,sciences
Smells Like Teen Spirit - Pink Floyd (Lyrics),musique
Metallica - Stairway to Heaven,musique
Les myst√®res de Les ondes gravitationnelles,sciences
Churchill - Biographie,documentaires
Voyage √† Tokyo,documentaires
Les √âgyptiens : Histoire et myst√®res,documentaires
RAGE QUIT Apex Legends,jeux
MOMENTS G√äNANTS - BEST OF,divertissement
Les secrets de la Terre,documentaires
Le monde de les oc√©ans,documentaires
La physique de la lumi√®re,sciences
POV: C'est lundi matin #shorts,shorts
RAGE QUIT Among Us,jeux
l'existence selon Kant,philosophie
INCROYABLE ! C'est trop dr√¥le,divertissement
Rock Playlist Sleep,musique
MOMENTS G√äNANTS - BEST OF,divertissement
Wait for it... #shorts,shorts
Exercice corrig√© : logarithmes,math
l'utilitarisme : Les grands principes,philosophie
le sto√Øcisme : Les grands principes,philosophie
Les Vikings : Histoire et myst√®res,documentaires
Me trying to #shorts,shorts
Coldplay - Wonderwall [Official Video],musique
24H Parler qu'en anglais,divertissement
Radiohead - Sweet Child O' Mine,musique
TOP 82 FAILS dans CS:GO,jeux
√âthique : La justice sociale,philosophie
24H Manger √©pic√©,divertissement
Exercice corrig√© : exponentielle,math
CS:GO : premier essai,jeux
OMG ! Regardez √ßa,divertissement
Les myst√®res de Le big bang,sciences
la Seconde Guerre mondiale - La v√©rit√© r√©v√©l√©e,documentaires
Existe-t-il un sens √† la vie ?,philosophie
Existe-t-il un sens √† la vie ?,philosophie
Pourquoi les int√©grales ?,math
L'histoire de les pyramides,documentaires
La m√©canique quantique expliqu√© en 15 minutes,sciences
Imagine Remix 2024,musique
Applications de les int√©grales,math
Imagine - Queen (Lyrics),musique
Warzone Custom - c'est incroyable,jeux
le syst√®me solaire - Documentaire,sciences
Call of Duty - C'EST DE LA FOLIE,jeux
La chute du mur de Berlin - Retour sur l'histoire,documentaires
L'histoire de les civilisations perdues,documentaires
Incroyable üò± #shorts,shorts
les d√©riv√©es - D√©monstration,math
Dans les coulisses de Tokyo,documentaires
les √©quations diff√©rentielles - D√©monstration,math
La science de les cellules,sciences
l'existence selon √âpicure,philosophie
le sto√Øcisme : Les grands principes,philosophie
Wonderwall - AC/DC (Lyrics),musique
Socrate expliqu√© simplement,philosophie
Comprendre la thermodynamique,sciences
Applications de les matrices,math
CS:GO : nouvelle map,jeux
Napol√©on - Biographie,documentaires
Napol√©on - Biographie,documentaires
Exp√©rience : Fabriquer un circuit,sciences
Pourquoi nous r√™vons ?,sciences
Introduction √† les fonctions,math
Incroyable üò± #shorts,shorts
JE TESTE FIFA ! üíÄ,jeux
ON TEST Among Us !,jeux
Comment ? #shorts,shorts
Dans les coulisses de Mars,documentaires
Churchill - Biographie,documentaires
#shorts Tu savais √ßa ?,shorts
JE D√âCOUVRE FIFA ! üíÄ,jeux
Qu'est-ce que le bien ?,philosophie
La chute du mur de Berlin - Retour sur l'histoire,documentaires
#shorts Tu savais √ßa ?,shorts
JE R√âAGIS √Ä vos commentaires,divertissement
L'ADN : Les derni√®res d√©couvertes,sciences
Call of Duty GAMEPLAY FR #36,jeux
Stairway to Heaven (Metal),musique
les matrices : M√©thode rapide,math
24H Parler qu'en anglais,divertissement
TOP 35 VID√âOS DR√îLES,divertissement
VLOG : ROUTINE,divertissement
les nombres complexes : Ce que votre prof ne vous dit pas,math
Qu'est-ce que le bien ?,philosophie
Comprendre les d√©riv√©es en 15 minutes,math
Among Us GAMEPLAY FR #2,jeux
MOMENTS G√äNANTS TIKTOK,divertissement
la conscience selon Sartre,philosophie
TOP 44 KILLS dans Warzone,jeux
Platon expliqu√© simplement,philosophie
Astuce de ouf #shorts,shorts
Introduction √† les suites,math
Pourquoi l'eau bout ?,sciences
24H Parler qu'en anglais,divertissement
Aristote et le bonheur,philosophie
POV #shorts,shorts
Churchill - Biographie,documentaires
Pourquoi ? #shorts,shorts
Metal Mix 2023,musique
Comment fonctionne la lumi√®re ?,sciences
The Beatles - Sweet Child O' Mine [Official Video],musique
Fortnite Ranked - en solo,jeux
Les secrets de les nombres complexes,math
Regarde √ßa #shorts,shorts
Coldplay - Stairway to Heaven (Acoustic),musique
TOP 5 FAILS dans Clash Royale,jeux
La physique de les smartphones,sciences
Platon et la v√©rit√©,philosophie
les d√©riv√©es - D√©monstration,math
ON TESTE LES GADGETS INUTILES,divertissement
#shorts Tu savais √ßa ?,shorts
Les myst√®res de La photosynth√®se,sciences
When #shorts,shorts
Pourquoi les oiseaux volent ?,sciences
D√âFI : Parler qu'en anglais,divertissement
FAIL COMPILATION #35,divertissement
Le probl√®me de un sens √† la vie,philosophie
TOP 30 VID√âOS DR√îLES,divertissement
24H Parler qu'en anglais,divertissement
Me trying to #shorts,shorts
Enqu√™te sur l'√âgypte ancienne,documentaires
GTA 5 FUNNY MOMENTS,jeux
Le d√©barquement : Le documentaire,documentaires
Introduction √† l'existentialisme,philosophie
Voyage √† New York,documentaires
D√âFI : Manger √©pic√©,divertissement
Enqu√™te sur les pyramides,documentaires
Les secrets de l'humanit√©,documentaires
JE D√âTRUIS TOUT DANS CS:GO ! üíÄ,jeux
Comment ? #shorts,shorts
Pourquoi les matrices ?,math
Introduction √† l'utilitarisme,philosophie
MOMENTS G√äNANTS - BEST OF,divertissement
MDR ! Vous n'allez pas le croire,divertissement
LIVE GTA 5 - nouvelle saison,jeux
la g√©om√©trie analytique : Explication simple,math
Ce truc est fou üò± #shorts,shorts
Existe-t-il une r√©alit√© objective ?,philosophie
FIFA GAMEPLAY FR #77,jeux
Elden Ring Battle Royale - en solo,jeux
Comprendre la g√©om√©trie analytique en 5 minutes,math
√Ä savoir #shorts,shorts
Electro Mix 2025,musique
Pourquoi ? #shorts,shorts
le bien selon Hegel,philosophie
C'est quoi √ßa ? #shorts,shorts
Among Us - d√©couverte #92,jeux
l'utilitarisme : Les grands principes,philosophie
Pourquoi ? #shorts,shorts
Philosophie : La m√©taphysique,philosophie
Comprendre les √©quations diff√©rentielles en 20 minutes,math
Stairway to Heaven Cover,musique
TROP MARRANT üò±,divertissement
la nature - La v√©rit√© r√©v√©l√©e,documentaires
TROP MARRANT ü§£,divertissement
les civilisations perdues - La v√©rit√© r√©v√©l√©e,documentaires
üíÄ WTF #shorts,shorts
Astronomie - L'ADN,sciences
The Beatles - Smells Like Teen Spirit,musique
TOP 50 SITUATIONS AWKWARD,divertissement
violon Tutorial - Imagine,musique
FAIL COMPILATION #25,divertissement
Rocket League FUNNY MOMENTS,jeux
Introduction √† les int√©grales,math
L'√©volution expliqu√© en 10 minutes,sciences
Pourquoi ? #shorts,shorts
√Ä savoir #shorts,shorts
les limites : M√©thode rapide,math
Voyage √† l'Antarctique,documentaires
Introduction √† la g√©om√©trie analytique,math
Wait for it... #shorts,shorts
Nietzsche expliqu√© simplement,philosophie
JE TESTE Elden Ring ! üî•,jeux
Les secrets de les suites,math
Le d√©barquement - Retour sur l'histoire,documentaires
Trick #shorts,shorts
Comment fonctionne l'√©lectricit√© ?,sciences
Cours de Seconde : les matrices,math
SITUATIONS AWKWARD COMPILATION,divertissement
Apex Legends : nouvelle map,jeux
Kant expliqu√© simplement,philosophie
MDR ! C'est trop dr√¥le,divertissement
le climat - Documentaire,sciences
CS:GO - partie #39,jeux
Exp√©rience : Fabriquer un circuit,sciences
√Ä la d√©couverte de Tokyo,documentaires
Elden Ring - C'EST DE LA FOLIE,jeux
Le monde de les oc√©ans,documentaires
Muse - Imagine,musique
Wonderwall Remix 2025,musique
Wait for it... #shorts,shorts
R√©soudre cet exercice facilement,math
JE TESTE Apex Legends ! üî•,jeux
JE R√âAGIS √Ä mes anciens posts,divertissement
Best of AC/DC,musique
La chute du mur de Berlin : Le documentaire,documentaires
Led Zeppelin - Bohemian Rhapsody [Official Video],musique
Saviez-vous que üò± #shorts,shorts
üî• FOU #shorts,shorts
D√©bat : une r√©alit√© objective,philosophie
AC/DC - Hotel California (Acoustic),musique
C'est quoi √ßa ? #shorts,shorts
La chute du mur de Berlin - Retour sur l'histoire,documentaires
The Beatles - Bohemian Rhapsody [Official Video],musique
L'ADN - Ce que vous ne savez pas,sciences
Overwatch - test #32,jeux
FIFA : c'est incroyable,jeux
Comprendre la thermodynamique,sciences
Ce truc est fou üò± #shorts,shorts
Enqu√™te sur l'espace,documentaires
Life hack #shorts,shorts
C'EST N'IMPORTE QUOI ü§£,divertissement
Astuce de ouf #shorts,shorts
Pourquoi les fonctions ?,math
Le probl√®me de une r√©alit√© objective,philosophie
FAILS TIKTOK,divertissement
FAILS COMPILATION,divertissement
L'ADN : Les derni√®res d√©couvertes,sciences
Conseil du jour #shorts,shorts
FAIL COMPILATION #35,divertissement
Pourquoi ? #shorts,shorts
Best of Metallica,musique
Exp√©rience : Fabriquer un circuit,sciences
Chimie : Fabriquer un circuit,sciences
JE R√âAGIS √Ä vos commentaires,divertissement
D√âFI : 24h sans t√©l√©phone,divertissement
Dans les coulisses de Mars,documentaires
Comment fonctionne la lumi√®re ?,sciences
Chimie : Extraire l'ADN,sciences
FAIL COMPILATION #5,divertissement
Comment ? #shorts,shorts
üî• FOU #shorts,shorts
ON A ACHET√â 100 TRUCS BIZARRES,divertissement
POV: Tu rentres chez toi #shorts,shorts
D√âFI : Manger √©pic√©,divertissement
ON A ACHET√â LE TRUC LE PLUS CHER,divertissement
C'EST N'IMPORTE QUOI üî•,divertissement
Astuce rapide #shorts,shorts
Tu savais √ßa ? #shorts,shorts
Comprendre la gravit√©,sciences
le climat - Documentaire,sciences
Kant expliqu√© simplement,philosophie
Introduction √† la g√©om√©trie analytique,math
L'ADN - Ce que vous ne savez pas,sciences
Exercice corrig√© : √©quations du second degr√©,math
Le probl√®me de un sens √† la vie,philosophie
STORYTIME : Comment j'ai rat√© mon exam,divertissement
Les id√©es de Kant,philosophie
Les secrets de les int√©grales,math
D√©bat : vraiment libres,philosophie
Applications de la g√©om√©trie analytique,math
le sto√Øcisme : Les grands principes,philosophie
Pourquoi les oiseaux volent ?,sciences
Saviez-vous que üò± #shorts,shorts
Pourquoi ? #shorts,shorts
les fonctions : Explication simple,math
TOP 61 MOMENTS dans Warzone,jeux
Les id√©es de Hegel,philosophie
Applications de les fonctions,math
OMG ! C'est trop dr√¥le,divertissement
Comment fonctionne Internet ?,sciences
les pyramides - Documentaire complet,documentaires
√Ä la d√©couverte de l'Antarctique,documentaires
√âthique : Peut-on mentir,philosophie
Smells Like Teen Spirit - Live Performance,musique
Pink Floyd - Stairway to Heaven,musique
Exp√©rience : Extraire l'ADN,sciences
les civilisations perdues - La v√©rit√© r√©v√©l√©e,documentaires
Hotel California Cover,musique
La physique de Internet,sciences
Comment ? #shorts,shorts
D√âFI : Ne pas rire,divertissement
Introduction √† le rationalisme,philosophie
Comment fonctionne les atomes ?,sciences
Pourquoi nous r√™vons ?,sciences
La chute du mur de Berlin : Le documentaire,documentaires
Les myst√®res de La relativit√©,sciences
Exp√©rience : Cr√©er un volcan,sciences
LIVE Clash Royale - avec les abonn√©s,jeux
la Seconde Guerre mondiale - La v√©rit√© r√©v√©l√©e,documentaires
Les secrets de les nombres complexes,math
Les les matrices expliqu√©s simplement,math
√âpicure et la morale,philosophie
Les id√©es de Socrate,philosophie
Dans les coulisses de Tokyo,documentaires
Astronomie - Le big bang,sciences
Wonderwall (Blues),musique
JE D√âCOUVRE Fortnite ! üíÄ,jeux
√âthique : Le devoir moral,philosophie
TOP 64 MOMENTS dans CS:GO,jeux
D√©bat : une r√©alit√© objective,philosophie
Coldplay - Imagine,musique
Bohemian Rhapsody Cover,musique
Electro Mix 2024,musique
la g√©om√©trie analytique : M√©thode rapide,math
Metallica - Smells Like Teen Spirit,musique
Comprendre la g√©om√©trie analytique en 20 minutes,math
Platon expliqu√© simplement,philosophie
Philosophie : L'√©pist√©mologie,philosophie
La science de l'√©cosyst√®me,sciences
Qu'est-ce que le libre arbitre ?,philosophie
ON TESTE LES GADGETS INUTILES,divertissement
les suites : Ce que votre prof ne vous dit pas,math
Elden Ring FUNNY MOMENTS,jeux
D√âCOUVERTE FIFA,jeux
Introduction √† le sto√Øcisme,philosophie
√âthique : Le devoir moral,philosophie
Les les suites expliqu√©s simplement,math
Classical Playlist Workout,musique
Fortnite - partie #56,jeux
Astronomie - La m√©canique quantique,sciences
Sweet Child O' Mine Remix 2023,musique
Biologie : le syst√®me solaire,sciences
le bien selon Socrate,philosophie
Le d√©barquement : Le documentaire,documentaires
Pink Floyd - Imagine (Acoustic),musique
Comment fonctionne l'√©lectricit√© ?,sciences
Rock Relaxation Music,musique
D√©bat : un sens √† la vie,philosophie
MOMENTS G√äNANTS TIKTOK,divertissement
üíÄ WTF #shorts,shorts
Les secrets de les limites,math
#shorts Incroyable astuce,shorts
L'histoire de l'√âgypte ancienne,documentaires
Best of Led Zeppelin,musique
Le monde de l'√âgypte ancienne,documentaires
Blues Playlist Sleep,musique
GTA 5 GAMEPLAY FR #6,jeux
Les ondes gravitationnelles expliqu√© en 5 minutes,sciences
Cours de Licence : les matrices,math
La science de l'√©cosyst√®me,sciences
Conseil du jour #shorts,shorts
Qu'est-ce que le bien ?,philosophie
Introduction √† les limites,math
Wait for it... #shorts,shorts
Nietzsche expliqu√© simplement,philosophie
Existe-t-il un sens √† la vie ?,philosophie
Astuce rapide #shorts,shorts
Introduction √† l'utilitarisme,philosophie
Comment jouer Stairway to Heaven au piano,musique
Elden Ring Ranked - avec les abonn√©s,jeux
Chimie : Fabriquer un circuit,sciences
Introduction √† les probabilit√©s,math
üò± INCROYABLE #shorts,shorts
Trick #shorts,shorts
Pourquoi ? #shorts,shorts
FAILS - BEST OF,divertissement
JE D√âCOUVRE Among Us ! üíÄ,jeux
ON A ACHET√â 100 TRUCS BIZARRES,divertissement
Enqu√™te sur les pyramides,documentaires
Comprendre les d√©riv√©es en 15 minutes,math
VID√âOS DR√îLES COMPILATION,divertissement
Chimie : Extraire l'ADN,sciences
Wonderwall (Blues),musique
Warzone SPEEDRUN WR,jeux
batterie Tutorial - Imagine,musique
La photosynth√®se - Ce que vous ne savez pas,sciences
Wonderwall Cover,musique
C'EST N'IMPORTE QUOI üî•,divertissement
RAGE QUIT Clash Royale,jeux
Enqu√™te sur les civilisations perdues,documentaires
Fortnite FUNNY MOMENTS,jeux
Les myst√®res de La photosynth√®se,sciences
Wait for it... #shorts,shorts
Platon expliqu√© simplement,philosophie
√Ä savoir #shorts,shorts
Voyage √† l'Antarctique,documentaires
PRANK : Cam√©ra cach√©e,divertissement
Cours de Premi√®re : les int√©grales,math
Astuce de ouf #shorts,shorts
Chimie : Fabriquer un circuit,sciences
Einstein - Biographie,documentaires
Apex Legends GAMEPLAY FR #66,jeux
√Ä la d√©couverte de Mars,documentaires
La photosynth√®se : Les derni√®res d√©couvertes,sciences
#shorts Incroyable astuce,shorts
Applications de les limites,math
Les id√©es de Spinoza,philosophie
Les secrets de les int√©grales,math
Napol√©on - Biographie,documentaires
L'√©volution - Ce que vous ne savez pas,sciences
Sweet Child O' Mine Remix 2025,musique
RAGE QUIT FIFA,jeux
VID√âOS DR√îLES - BEST OF,divertissement
Cours de Pr√©pa : les int√©grales,math
Qu'est-ce que l'existence ?,philosophie
Comment jouer Bohemian Rhapsody au guitare,musique
√Ä la d√©couverte de Tokyo,documentaires
ON A ACHET√â LE TRUC LE PLUS CHER,divertissement
Hip Hop Playlist Sleep,musique
les pyramides - Documentaire complet,documentaires
Life hack #shorts,shorts
C'est quoi √ßa ? #shorts,shorts
Rock Mix 2025,musique
La science de les cellules,sciences
PRANK : Cam√©ra cach√©e,divertissement
TOP 51 TRICKS dans Valorant,jeux
Tchernobyl - Retour sur l'histoire,documentaires
Existe-t-il vraiment libres ?,philosophie
D√âFI : Parler qu'en anglais,divertissement
ON TEST Among Us !,jeux
Ce truc est fou üò± #shorts,shorts
Best of AC/DC,musique
MOMENTS G√äNANTS TIKTOK,divertissement
les suites : Ce que votre prof ne vous dit pas,math
Among Us - gameplay #24,jeux
la conscience selon Socrate,philosophie
Philosophie : La m√©taphysique,philosophie
Qu'est-ce que la conscience ?,philosophie
D√âFI : Manger √©pic√©,divertissement
les pyramides - Documentaire complet,documentaires
#shorts Regarde √ßa,shorts
Aristote et la justice,philosophie
